user001@example.com,31,090-1234-5678,01,
user002@example.com,32,090-1234-5678,03,
user003@example.com,33,090-1234-5678,05,
user004@example.com,34,090-1234-5678,07,
user005@example.com,35,090-1234-5678,09,
user006@example.com,36,090-1234-5678,11,
user007@example.com,37,090-1234-5678,13,
user008@example.com,38,090-1234-5678,15,
user009@example.com,39,090-1234-5678,17,
user010@example.com,40,090-1234-5678,19,
test001@example.com,21,090-1234-5678,02,
test002@example.com,22,090-1234-5678,04,
test003@example.com,23,090-1234-5678,06,
test004@example.com,24,090-1234-5678,08,
test005@example.com,25,090-1234-5678,10,
test006@example.com,26,090-1234-5678,12,
test007@example.com,27,090-1234-5678,14,
test008@example.com,28,090-1234-5678,16,
test009@example.com,29,090-1234-5678,18,
test010@example.com,30,090-1234-5678,20,
